Country,Subject Descriptor,Units,Scale,Country/Series-specific Notes,2015,2016,2017,2018,2019,2020,2021,2022,Estimates Start After
Afghanistan,"Gross domestic product, current prices",U.S. dollars,Billions,"See notes for:  Gross domestic product, current prices (National currency).",19.687,18.886,20.57,21.706,23.233,24.93,26.857,29.113,2014
Albania,"Gross domestic product, current prices",U.S. dollars,Billions,"See notes for:  Gross domestic product, current prices (National currency).",11.393,12.126,12.294,12.92,13.838,14.87,15.932,17.141,2015
Algeria,"Gross domestic product, current prices",U.S. dollars,Billions,"See notes for:  Gross domestic product, current prices (National currency).",164.779,160.784,173.947,177.682,181.891,187.567,194.882,202.242,2015
Angola,"Gross domestic product, current prices",U.S. dollars,Billions,"See notes for:  Gross domestic product, current prices (National currency).",102.962,95.821,122.365,134.305,138.18,142.733,147.525,150.23,2015
Antigua and Barbuda,"Gross domestic product, current prices",U.S. dollars,Billions,"See notes for:  Gross domestic product, current prices (National currency).",1.353,1.398,1.454,1.514,1.578,1.646,1.716,1.79,2016
Argentina,"Gross domestic product, current prices",U.S. dollars,Billions,"See notes for:  Gross domestic product, current prices (National currency).",631.621,545.124,628.935,658.129,711.893,775.217,840.353,908.327,2016
Armenia,"Gross domestic product, current prices",U.S. dollars,Billions,"See notes for:  Gross domestic product, current prices (National currency).",10.529,10.499,10.741,11.215,11.778,12.369,13.041,13.858,2015
Australia,"Gross domestic product, current prices",U.S. dollars,Billions,"See notes for:  Gross domestic product, current prices (National currency).","1,229.71","1,258.98","1,359.72","1,427.82","1,497.52","1,568.06","1,636.25","1,709.81",2016
Austria,"Gross domestic product, current prices",U.S. dollars,Billions,"See notes for:  Gross domestic product, current prices (National currency).",377.157,386.752,383.509,395.902,409.205,422.657,434.815,446.048,2016
Azerbaijan,"Gross domestic product, current prices",U.S. dollars,Billions,"See notes for:  Gross domestic product, current prices (National currency).",50.818,37.556,38.583,41.961,45.553,48.823,53.589,58.456,2016
The Bahamas,"Gross domestic product, current prices",U.S. dollars,Billions,"See notes for:  Gross domestic product, current prices (National currency).",8.854,8.939,9.172,9.529,9.897,10.251,10.55,10.827,2015
Bahrain,"Gross domestic product, current prices",U.S. dollars,Billions,"See notes for:  Gross domestic product, current prices (National currency).",31.119,31.907,34.31,35.704,36.824,38.201,39.679,41.148,2015
Bangladesh,"Gross domestic product, current prices",U.S. dollars,Billions,"See notes for:  Gross domestic product, current prices (National currency).",206.684,227.901,248.853,272.336,297.573,324.861,354.548,386.947,2015
Barbados,"Gross domestic product, current prices",U.S. dollars,Billions,"See notes for:  Gross domestic product, current prices (National currency).",4.422,4.588,4.759,4.966,5.171,5.363,5.562,5.77,2015
Belarus,"Gross domestic product, current prices",U.S. dollars,Billions,"See notes for:  Gross domestic product, current prices (National currency).",56.329,48.847,54.689,56.603,58.171,60.357,62.373,65.084,2015
Belgium,"Gross domestic product, current prices",U.S. dollars,Billions,"See notes for:  Gross domestic product, current prices (National currency).",455.336,466.96,462.715,476.135,491.686,508.55,525.121,540.852,2015
Belize,"Gross domestic product, current prices",U.S. dollars,Billions,"See notes for:  Gross domestic product, current prices (National currency).",1.743,1.743,1.829,1.922,2.008,2.109,2.204,2.299,2015
Benin,"Gross domestic product, current prices",U.S. dollars,Billions,"See notes for:  Gross domestic product, current prices (National currency).",8.295,8.577,8.792,9.485,10.289,11.19,12.216,13.225,2015
Bhutan,"Gross domestic product, current prices",U.S. dollars,Billions,"See notes for:  Gross domestic product, current prices (National currency).",2.027,2.115,2.308,2.61,3.024,3.342,3.573,3.86,2016
Bolivia,"Gross domestic product, current prices",U.S. dollars,Billions,"See notes for:  Gross domestic product, current prices (National currency).",33.238,34.831,39.267,42.713,45.875,48.944,53.196,57.81,2015
Bosnia and Herzegovina,"Gross domestic product, current prices",U.S. dollars,Billions,"See notes for:  Gross domestic product, current prices (National currency).",16.251,16.605,16.78,17.602,18.572,19.743,20.842,21.958,2015
Botswana,"Gross domestic product, current prices",U.S. dollars,Billions,"See notes for:  Gross domestic product, current prices (National currency).",14.435,15.018,15.564,16.636,17.763,18.765,19.802,20.958,2015
Brazil,"Gross domestic product, current prices",U.S. dollars,Billions,"See notes for:  Gross domestic product, current prices (National currency).","1,801.48","1,798.62","2,140.94","2,238.43","2,340.84","2,447.25","2,560.12","2,676.27",2016
Brunei Darussalam,"Gross domestic product, current prices",U.S. dollars,Billions,"See notes for:  Gross domestic product, current prices (National currency).",12.931,11.182,12.326,12.538,13.273,14.116,15.534,16.451,2015
Bulgaria,"Gross domestic product, current prices",U.S. dollars,Billions,"See notes for:  Gross domestic product, current prices (National currency).",50.199,52.418,52.291,54.47,56.907,59.571,62.17,64.705,2016
Burkina Faso,"Gross domestic product, current prices",U.S. dollars,Billions,"See notes for:  Gross domestic product, current prices (National currency).",11.105,11.895,12.258,13.261,14.413,15.684,16.989,18.354,2014
Burundi,"Gross domestic product, current prices",U.S. dollars,Billions,"See notes for:  Gross domestic product, current prices (National currency).",3.002,3.133,3.384,3.806,4.4,4.967,5.477,5.987,2015
Cabo Verde,"Gross domestic product, current prices",U.S. dollars,Billions,"See notes for:  Gross domestic product, current prices (National currency).",1.575,1.636,1.637,1.73,1.838,1.954,2.072,2.197,2015
Cambodia,"Gross domestic product, current prices",U.S. dollars,Billions,"See notes for:  Gross domestic product, current prices (National currency).",17.789,19.398,20.953,22.767,24.765,26.881,29.121,31.57,2013
Cameroon,"Gross domestic product, current prices",U.S. dollars,Billions,"See notes for:  Gross domestic product, current prices (National currency).",28.431,29.334,29.547,31.13,33.135,35.459,37.931,40.517,2015
Canada,"Gross domestic product, current prices",U.S. dollars,Billions,"See notes for:  Gross domestic product, current prices (National currency).","1,552.81","1,529.22","1,600.27","1,656.39","1,719.45","1,783.36","1,847.90","1,912.81",2016
Central African Republic,"Gross domestic product, current prices",U.S. dollars,Billions,"See notes for:  Gross domestic product, current prices (National currency).",1.593,1.78,1.992,2.233,2.488,2.791,3.101,3.386,2012
Chad,"Gross domestic product, current prices",U.S. dollars,Billions,"See notes for:  Gross domestic product, current prices (National currency).",10.952,10.103,9.636,10.019,10.577,11.312,12.061,12.903,2015
Chile,"Gross domestic product, current prices",U.S. dollars,Billions,"See notes for:  Gross domestic product, current prices (National currency).",242.537,247.025,251.22,262.003,274.034,287.343,302.113,321.302,2016
China,"Gross domestic product, current prices",U.S. dollars,Billions,"See notes for:  Gross domestic product, current prices (National currency).","11,226.19","11,218.28","11,795.30","12,796.75","13,862.97","15,066.67","16,340.87","17,706.63",2016
Colombia,"Gross domestic product, current prices",U.S. dollars,Billions,"See notes for:  Gross domestic product, current prices (National currency).",291.53,282.357,306.439,322.663,340.998,360.226,380.31,401.707,2016
Comoros,"Gross domestic product, current prices",U.S. dollars,Billions,"See notes for:  Gross domestic product, current prices (National currency).",0.589,0.62,0.654,0.696,0.745,0.798,0.847,0.902,2015
Democratic Republic of the Congo,"Gross domestic product, current prices",U.S. dollars,Billions,"See notes for:  Gross domestic product, current prices (National currency).",38.496,41.615,41.098,42.305,44.234,46.363,49.211,52.724,2015
Republic of Congo,"Gross domestic product, current prices",U.S. dollars,Billions,"See notes for:  Gross domestic product, current prices (National currency).",8.554,7.955,8.341,9.21,9.56,10.281,11.133,11.337,2014
Costa Rica,"Gross domestic product, current prices",U.S. dollars,Billions,"See notes for:  Gross domestic product, current prices (National currency).",55.475,58.109,59.796,63.502,67.495,72.101,77.461,83.391,2015
Côte d'Ivoire,"Gross domestic product, current prices",U.S. dollars,Billions,"See notes for:  Gross domestic product, current prices (National currency).",32.764,35.489,36.873,40.192,43.927,47.924,52.075,56.225,2014
Croatia,"Gross domestic product, current prices",U.S. dollars,Billions,"See notes for:  Gross domestic product, current prices (National currency).",48.676,50.441,50.084,51.767,53.784,55.936,58.002,60.096,2015
Cyprus,"Gross domestic product, current prices",U.S. dollars,Billions,"See notes for:  Gross domestic product, current prices (National currency).",19.57,19.81,19.648,20.333,21.147,21.961,22.73,23.494,2016
Czech Republic,"Gross domestic product, current prices",U.S. dollars,Billions,"See notes for:  Gross domestic product, current prices (National currency).",185.156,192.991,196.068,208.403,219.988,232.304,244.491,256.516,2015
Denmark,"Gross domestic product, current prices",U.S. dollars,Billions,"See notes for:  Gross domestic product, current prices (National currency).",301.308,306.73,304.216,312.759,324.54,337.353,350.31,363.475,2015
Djibouti,"Gross domestic product, current prices",U.S. dollars,Billions,"See notes for:  Gross domestic product, current prices (National currency).",1.727,1.894,2.088,2.301,2.536,2.769,3.023,3.3,2014
Dominica,"Gross domestic product, current prices",U.S. dollars,Billions,"See notes for:  Gross domestic product, current prices (National currency).",0.517,0.52,0.539,0.558,0.579,0.601,0.623,0.645,2015
Dominican Republic,"Gross domestic product, current prices",U.S. dollars,Billions,"See notes for:  Gross domestic product, current prices (National currency).",68.197,72.194,76.85,81.653,86.568,91.779,97.304,103.161,2016
Ecuador,"Gross domestic product, current prices",U.S. dollars,Billions,"See notes for:  Gross domestic product, current prices (National currency).",100.177,98.01,97.362,97.419,98.21,100.135,102.763,105.754,2015
Egypt,"Gross domestic product, current prices",U.S. dollars,Billions,"See notes for:  Gross domestic product, current prices (National currency).",332.075,332.349,n/a,n/a,n/a,n/a,n/a,n/a,2016
El Salvador,"Gross domestic product, current prices",U.S. dollars,Billions,"See notes for:  Gross domestic product, current prices (National currency).",25.85,26.709,27.548,28.886,30.186,31.513,32.923,34.434,2016
Equatorial Guinea,"Gross domestic product, current prices",U.S. dollars,Billions,"See notes for:  Gross domestic product, current prices (National currency).",13.819,11.636,11.686,11.465,11.418,11.542,11.846,12.173,2014
Eritrea,"Gross domestic product, current prices",U.S. dollars,Billions,"See notes for:  Gross domestic product, current prices (National currency).",4.666,5.352,6.051,6.858,7.768,8.139,9.293,10.624,2006
Estonia,"Gross domestic product, current prices",U.S. dollars,Billions,"See notes for:  Gross domestic product, current prices (National currency).",22.472,23.13,23.422,24.763,26.199,27.759,29.365,31.005,2016
Ethiopia,"Gross domestic product, current prices",U.S. dollars,Billions,"See notes for:  Gross domestic product, current prices (National currency).",64.683,72.523,78.384,83.706,90.651,98.177,106.242,114.894,2016
Fiji,"Gross domestic product, current prices",U.S. dollars,Billions,"See notes for:  Gross domestic product, current prices (National currency).",4.391,4.64,4.869,5.11,5.352,5.603,5.869,6.144,2015
Finland,"Gross domestic product, current prices",U.S. dollars,Billions,"See notes for:  Gross domestic product, current prices (National currency).",232.479,236.883,234.524,241.066,249.52,258.509,266.991,274.978,2016
France,"Gross domestic product, current prices",U.S. dollars,Billions,"See notes for:  Gross domestic product, current prices (National currency).","2,420.16","2,463.22","2,420.44","2,483.20","2,562.28","2,650.24","2,734.10","2,815.34",2016
Gabon,"Gross domestic product, current prices",U.S. dollars,Billions,"See notes for:  Gross domestic product, current prices (National currency).",14.37,14.273,14.208,14.619,15.399,16.251,17.282,18.358,2015
The Gambia,"Gross domestic product, current prices",U.S. dollars,Billions,"See notes for:  Gross domestic product, current prices (National currency).",0.892,0.965,1.041,1.104,1.172,1.246,1.327,1.417,2013
Georgia,"Gross domestic product, current prices",U.S. dollars,Billions,"See notes for:  Gross domestic product, current prices (National currency).",13.996,14.222,13.723,14.852,15.977,17.28,18.773,20.414,2016
Germany,"Gross domestic product, current prices",U.S. dollars,Billions,"See notes for:  Gross domestic product, current prices (National currency).","3,365.29","3,466.64","3,423.29","3,512.57","3,617.09","3,727.66","3,827.70","3,923.42",2015
Ghana,"Gross domestic product, current prices",U.S. dollars,Billions,"See notes for:  Gross domestic product, current prices (National currency).",37.375,43.264,42.753,46.915,50.02,53.476,57.483,61.885,2015
Greece,"Gross domestic product, current prices",U.S. dollars,Billions,"See notes for:  Gross domestic product, current prices (National currency).",194.958,194.248,193.1,200.387,207.964,215.863,222.946,227.779,2016
Grenada,"Gross domestic product, current prices",U.S. dollars,Billions,"See notes for:  Gross domestic product, current prices (National currency).",0.984,1.027,1.089,1.144,1.199,1.257,1.318,1.381,2015
Guatemala,"Gross domestic product, current prices",U.S. dollars,Billions,"See notes for:  Gross domestic product, current prices (National currency).",63.794,68.175,70.943,75.141,79.914,85.088,90.518,95.939,2015
Guinea,"Gross domestic product, current prices",U.S. dollars,Billions,"See notes for:  Gross domestic product, current prices (National currency).",6.738,6.512,6.936,7.365,7.932,8.47,9.037,9.59,2011
Guinea-Bissau,"Gross domestic product, current prices",U.S. dollars,Billions,"See notes for:  Gross domestic product, current prices (National currency).",1.041,1.155,1.166,1.237,1.321,1.414,1.511,1.621,2015
Guyana,"Gross domestic product, current prices",U.S. dollars,Billions,"See notes for:  Gross domestic product, current prices (National currency).",3.183,3.437,3.591,3.721,3.908,4.785,5.695,5.927,2016
Haiti,"Gross domestic product, current prices",U.S. dollars,Billions,"See notes for:  Gross domestic product, current prices (National currency).",8.672,8.257,7.897,7.805,7.892,8.091,8.416,8.837,2016
Honduras,"Gross domestic product, current prices",U.S. dollars,Billions,"See notes for:  Gross domestic product, current prices (National currency).",20.729,21.364,21.79,22.312,23.05,23.812,24.72,25.846,2015
Hong Kong SAR,"Gross domestic product, current prices",U.S. dollars,Billions,"See notes for:  Gross domestic product, current prices (National currency).",309.402,320.668,332.266,342.037,355.711,368.996,383.895,399.167,2016
Hungary,"Gross domestic product, current prices",U.S. dollars,Billions,"See notes for:  Gross domestic product, current prices (National currency).",121.664,125.675,125.297,130.376,135.57,140.766,145.377,149.73,2016
Iceland,"Gross domestic product, current prices",U.S. dollars,Billions,"See notes for:  Gross domestic product, current prices (National currency).",16.784,20.047,22.97,25.715,27.448,28.529,29.398,30.306,2016
India,"Gross domestic product, current prices",U.S. dollars,Billions,"See notes for:  Gross domestic product, current prices (National currency).","2,088.16","2,256.40","2,454.46","2,685.70","2,959.67","3,252.72","3,577.13","3,935.27",2017
Indonesia,"Gross domestic product, current prices",U.S. dollars,Billions,"See notes for:  Gross domestic product, current prices (National currency).",861.143,932.448,"1,020.52","1,113.07","1,206.15","1,320.14","1,465.84","1,615.56",2016
Islamic Republic of Iran,"Gross domestic product, current prices",U.S. dollars,Billions,"See notes for:  Gross domestic product, current prices (National currency).",374.306,376.755,368.488,385.434,410.29,439.289,470.653,503.874,2016
Iraq,"Gross domestic product, current prices",U.S. dollars,Billions,"See notes for:  Gross domestic product, current prices (National currency).",179.833,167.026,189.432,200.169,209.566,221.241,234.435,249.089,2014
Ireland,"Gross domestic product, current prices",U.S. dollars,Billions,"See notes for:  Gross domestic product, current prices (National currency).",283.424,293.605,294.193,306.681,320.691,335.608,350.025,364.167,2016
Israel,"Gross domestic product, current prices",U.S. dollars,Billions,"See notes for:  Gross domestic product, current prices (National currency).",299.413,318.386,339.99,353.304,368.527,383.907,399.468,415.172,2016
Italy,"Gross domestic product, current prices",U.S. dollars,Billions,"See notes for:  Gross domestic product, current prices (National currency).","1,825.82","1,850.74","1,807.43","1,838.47","1,879.41","1,922.21","1,960.25","1,993.57",2016
Jamaica,"Gross domestic product, current prices",U.S. dollars,Billions,"See notes for:  Gross domestic product, current prices (National currency).",14.218,13.95,14.272,14.954,15.73,16.591,17.564,18.59,2015
Japan,"Gross domestic product, current prices",U.S. dollars,Billions,"See notes for:  Gross domestic product, current prices (National currency).","4,382.42","4,938.64","4,841.22","4,951.93","5,085.74","5,163.77","5,261.88","5,368.19",2016
Jordan,"Gross domestic product, current prices",U.S. dollars,Billions,"See notes for:  Gross domestic product, current prices (National currency).",37.57,38.743,40.506,42.557,44.798,47.25,49.884,52.665,2015
Kazakhstan,"Gross domestic product, current prices",U.S. dollars,Billions,"See notes for:  Gross domestic product, current prices (National currency).",184.388,133.757,157.878,173.85,188.502,204.602,216.988,232.885,2015
Kenya,"Gross domestic product, current prices",U.S. dollars,Billions,"See notes for:  Gross domestic product, current prices (National currency).",63.624,68.919,75.099,80.755,87.733,95.086,103.327,112.798,2015
Kiribati,"Gross domestic product, current prices",U.S. dollars,Billions,"See notes for:  Gross domestic product, current prices (National currency).",0.16,0.167,0.173,0.177,0.182,0.187,0.192,0.196,2014
Korea,"Gross domestic product, current prices",U.S. dollars,Billions,"See notes for:  Gross domestic product, current prices (National currency).","1,382.76","1,411.25","1,498.07","1,552.98","1,617.44","1,684.82","1,756.27","1,829.01",2016
Kosovo,"Gross domestic product, current prices",U.S. dollars,Billions,"See notes for:  Gross domestic product, current prices (National currency).",6.444,6.707,6.809,7.174,7.575,8.041,8.534,9.032,2015
Kuwait,"Gross domestic product, current prices",U.S. dollars,Billions,"See notes for:  Gross domestic product, current prices (National currency).",114.079,109.859,126.971,134.822,142.861,152.029,162.287,173.238,2015
Kyrgyz Republic,"Gross domestic product, current prices",U.S. dollars,Billions,"See notes for:  Gross domestic product, current prices (National currency).",6.678,6.551,6.854,7.192,7.629,8.073,8.499,8.955,2015
Lao P.D.R.,"Gross domestic product, current prices",U.S. dollars,Billions,"See notes for:  Gross domestic product, current prices (National currency).",12.561,13.79,14.971,16.282,17.813,19.475,21.251,23.123,2016
Latvia,"Gross domestic product, current prices",U.S. dollars,Billions,"See notes for:  Gross domestic product, current prices (National currency).",27.04,27.684,27.795,29.352,31.15,33.114,35.101,37.244,2016
Lebanon,"Gross domestic product, current prices",U.S. dollars,Billions,"See notes for:  Gross domestic product, current prices (National currency).",50.8,51.991,53.915,56.329,59.229,62.266,65.387,68.66,2013
Lesotho,"Gross domestic product, current prices",U.S. dollars,Billions,"See notes for:  Gross domestic product, current prices (National currency).",2.364,2.267,2.439,2.547,2.698,2.868,3.053,3.247,2015
Liberia,"Gross domestic product, current prices",U.S. dollars,Billions,"See notes for:  Gross domestic product, current prices (National currency).",2.038,2.111,2.215,2.348,2.532,2.768,2.952,3.217,2014
Libya,"Gross domestic product, current prices",U.S. dollars,Billions,"See notes for:  Gross domestic product, current prices (National currency).",29.763,33.157,54.411,72.468,90.852,114.178,145.333,185.236,2015
Lithuania,"Gross domestic product, current prices",U.S. dollars,Billions,"See notes for:  Gross domestic product, current prices (National currency).",41.423,42.749,42.826,44.903,47.333,50.046,52.753,55.406,2016
Luxembourg,"Gross domestic product, current prices",U.S. dollars,Billions,"See notes for:  Gross domestic product, current prices (National currency).",56.831,59.468,59.997,62.842,66.054,69.422,72.764,75.99,2015
Macao SAR,"Gross domestic product, current prices",U.S. dollars,Billions,"See notes for:  Gross domestic product, current prices (National currency).",45.415,44.11,45.728,46.969,48.536,50.514,53.02,55.875,2015
FYR Macedonia,"Gross domestic product, current prices",U.S. dollars,Billions,"See notes for:  Gross domestic product, current prices (National currency).",10.054,10.912,10.951,11.467,12.108,12.852,13.597,14.345,2016
Madagascar,"Gross domestic product, current prices",U.S. dollars,Billions,"See notes for:  Gross domestic product, current prices (National currency).",9.744,9.74,10.372,11.021,11.817,12.668,13.601,14.558,2015
Malawi,"Gross domestic product, current prices",U.S. dollars,Billions,"See notes for:  Gross domestic product, current prices (National currency).",6.407,5.492,6.182,6.67,7.045,7.528,8.073,8.661,2015
Malaysia,"Gross domestic product, current prices",U.S. dollars,Billions,"See notes for:  Gross domestic product, current prices (National currency).",296.284,296.359,309.86,338.233,375.134,410.548,448.597,488.959,2016
Maldives,"Gross domestic product, current prices",U.S. dollars,Billions,"See notes for:  Gross domestic product, current prices (National currency).",3.192,3.379,3.578,3.821,4.084,4.367,4.667,4.989,2015
Mali,"Gross domestic product, current prices",U.S. dollars,Billions,"See notes for:  Gross domestic product, current prices (National currency).",13.107,13.96,14.344,15.199,16.036,16.946,17.866,18.948,2015
Malta,"Gross domestic product, current prices",U.S. dollars,Billions,"See notes for:  Gross domestic product, current prices (National currency).",10.293,10.953,11.164,11.749,12.366,13.008,13.631,14.241,2016
Marshall Islands,"Gross domestic product, current prices",U.S. dollars,Billions,"See notes for:  Gross domestic product, current prices (National currency).",0.179,0.183,0.188,0.193,0.199,0.205,0.211,0.216,2015
Mauritania,"Gross domestic product, current prices",U.S. dollars,Billions,"See notes for:  Gross domestic product, current prices (National currency).",4.844,4.714,5.063,5.012,5.037,5.289,5.588,5.882,2014
Mauritius,"Gross domestic product, current prices",U.S. dollars,Billions,"See notes for:  Gross domestic product, current prices (National currency).",11.511,11.95,12.245,12.851,13.559,14.326,15.12,15.969,2016
Mexico,"Gross domestic product, current prices",U.S. dollars,Billions,"See notes for:  Gross domestic product, current prices (National currency).","1,151.04","1,046.00",987.303,"1,032.36","1,094.60","1,153.30","1,217.79","1,283.97",2016
Micronesia,"Gross domestic product, current prices",U.S. dollars,Billions,"See notes for:  Gross domestic product, current prices (National currency).",0.315,0.322,0.334,0.343,0.353,0.359,0.366,0.371,2015
Moldova,"Gross domestic product, current prices",U.S. dollars,Billions,"See notes for:  Gross domestic product, current prices (National currency).",6.496,6.75,7.409,7.716,8.104,8.565,9.049,9.378,2015
Mongolia,"Gross domestic product, current prices",U.S. dollars,Billions,"See notes for:  Gross domestic product, current prices (National currency).",11.718,11.031,10.271,10.535,11.49,12.28,13.199,14.531,2016
Montenegro,"Gross domestic product, current prices",U.S. dollars,Billions,"See notes for:  Gross domestic product, current prices (National currency).",4.022,4.126,4.185,4.375,4.565,4.758,4.975,5.198,2015
Morocco,"Gross domestic product, current prices",U.S. dollars,Billions,"See notes for:  Gross domestic product, current prices (National currency).",100.593,103.615,105.623,110.865,117.248,124.309,131.627,139.435,2015
Mozambique,"Gross domestic product, current prices",U.S. dollars,Billions,"See notes for:  Gross domestic product, current prices (National currency).",14.807,11.283,11.17,12.323,13.266,14.428,15.687,18.385,2016
Myanmar,"Gross domestic product, current prices",U.S. dollars,Billions,"See notes for:  Gross domestic product, current prices (National currency).",59.539,66.324,72.368,80.044,88.72,98.423,109.013,120.217,2016
Namibia,"Gross domestic product, current prices",U.S. dollars,Billions,"See notes for:  Gross domestic product, current prices (National currency).",11.497,10.646,11.765,12.522,13.295,14.073,14.844,15.637,2015
Nauru,"Gross domestic product, current prices",U.S. dollars,Billions,"See notes for:  Gross domestic product, current prices (National currency).",0.1,0.102,0.114,0.11,0.111,0.114,0.118,0.122,2015
Nepal,"Gross domestic product, current prices",U.S. dollars,Billions,"See notes for:  Gross domestic product, current prices (National currency).",21.314,21.154,23.316,25.501,27.678,29.986,32.403,35.013,2016
Netherlands,"Gross domestic product, current prices",U.S. dollars,Billions,"See notes for:  Gross domestic product, current prices (National currency).",750.696,771.163,762.694,783.799,807.668,832.664,855.278,876.016,2016
New Zealand,"Gross domestic product, current prices",U.S. dollars,Billions,"See notes for:  Gross domestic product, current prices (National currency).",173.256,181.991,198.043,206.885,216.82,227.075,237.928,249.513,2016
Nicaragua,"Gross domestic product, current prices",U.S. dollars,Billions,"See notes for:  Gross domestic product, current prices (National currency).",12.693,13.049,13.748,14.663,15.635,16.69,17.785,18.967,2015
Niger,"Gross domestic product, current prices",U.S. dollars,Billions,"See notes for:  Gross domestic product, current prices (National currency).",7.175,7.479,7.674,8.248,8.856,9.709,10.503,11.437,2015
Nigeria,"Gross domestic product, current prices",U.S. dollars,Billions,"See notes for:  Gross domestic product, current prices (National currency).",493.841,405.952,400.621,472.07,557.417,613.061,633.914,656.933,2016
Norway,"Gross domestic product, current prices",U.S. dollars,Billions,"See notes for:  Gross domestic product, current prices (National currency).",386.579,370.449,391.959,405.053,418.24,428.129,437.349,446.712,2016
Oman,"Gross domestic product, current prices",U.S. dollars,Billions,"See notes for:  Gross domestic product, current prices (National currency).",69.831,63.171,71.325,75.621,78.886,82.636,86.498,90.483,2015
Pakistan,"Gross domestic product, current prices",U.S. dollars,Billions,"See notes for:  Gross domestic product, current prices (National currency).",271.05,284.185,n/a,n/a,n/a,n/a,n/a,n/a,2016
Palau,"Gross domestic product, current prices",U.S. dollars,Billions,"See notes for:  Gross domestic product, current prices (National currency).",0.284,0.293,0.315,0.338,0.358,0.376,0.392,0.407,2015
Panama,"Gross domestic product, current prices",U.S. dollars,Billions,"See notes for:  Gross domestic product, current prices (National currency).",52.132,55.122,59.486,64.589,70.358,76.445,82.874,89.843,2015
Papua New Guinea,"Gross domestic product, current prices",U.S. dollars,Billions,"See notes for:  Gross domestic product, current prices (National currency).",21.195,20.003,21.189,22.19,23.565,25.164,27.016,29.289,2013
Paraguay,"Gross domestic product, current prices",U.S. dollars,Billions,"See notes for:  Gross domestic product, current prices (National currency).",27.283,27.441,28.743,30.021,31.697,33.61,35.598,37.635,2015
Peru,"Gross domestic product, current prices",U.S. dollars,Billions,"See notes for:  Gross domestic product, current prices (National currency).",192.391,195.14,207.072,219.115,232.253,245.766,260.046,276.572,2015
Philippines,"Gross domestic product, current prices",U.S. dollars,Billions,"See notes for:  Gross domestic product, current prices (National currency).",292.451,304.696,329.716,371.779,418.606,471.561,525.55,579.297,2016
Poland,"Gross domestic product, current prices",U.S. dollars,Billions,"See notes for:  Gross domestic product, current prices (National currency).",477.058,467.591,482.92,510.541,539.46,568.284,600.017,633.199,2016
Portugal,"Gross domestic product, current prices",U.S. dollars,Billions,"See notes for:  Gross domestic product, current prices (National currency).",199.222,204.761,202.77,207.958,213.559,219.671,224.951,229.799,2016
Puerto Rico,"Gross domestic product, current prices",U.S. dollars,Billions,"See notes for:  Gross domestic product, current prices (National currency).",102.906,101.304,99.727,97.754,96.647,95.481,94.053,93.095,2015
Qatar,"Gross domestic product, current prices",U.S. dollars,Billions,"See notes for:  Gross domestic product, current prices (National currency).",164.641,156.734,173.649,193.622,204.772,214.939,225.008,236.972,2014
Romania,"Gross domestic product, current prices",U.S. dollars,Billions,"See notes for:  Gross domestic product, current prices (National currency).",177.524,187.039,189.79,203.084,216.421,230.729,244.071,261.932,2016
Russia,"Gross domestic product, current prices",U.S. dollars,Billions,"See notes for:  Gross domestic product, current prices (National currency).","1,365.87","1,280.73","1,560.71","1,611.45","1,654.09","1,712.02","1,781.72","1,840.86",2016
Rwanda,"Gross domestic product, current prices",U.S. dollars,Billions,"See notes for:  Gross domestic product, current prices (National currency).",8.277,8.406,8.918,9.413,9.871,10.619,11.638,12.755,2016
Samoa,"Gross domestic product, current prices",U.S. dollars,Billions,"See notes for:  Gross domestic product, current prices (National currency).",0.804,0.786,0.843,0.872,0.901,0.936,0.971,1.009,2016
San Marino,"Gross domestic product, current prices",U.S. dollars,Billions,"See notes for:  Gross domestic product, current prices (National currency).",1.571,1.592,1.551,1.592,1.635,1.682,1.723,1.766,2015
São Tomé and Príncipe,"Gross domestic product, current prices",U.S. dollars,Billions,"See notes for:  Gross domestic product, current prices (National currency).",0.318,0.35,0.355,0.379,0.409,0.443,0.5,0.536,2013
Saudi Arabia,"Gross domestic product, current prices",U.S. dollars,Billions,"See notes for:  Gross domestic product, current prices (National currency).",651.757,639.617,707.379,740.123,762.998,785.936,816.832,837.254,2016
Senegal,"Gross domestic product, current prices",U.S. dollars,Billions,"See notes for:  Gross domestic product, current prices (National currency).",13.665,14.785,15.431,16.776,18.275,19.929,21.673,23.371,2016
Serbia,"Gross domestic product, current prices",U.S. dollars,Billions,"See notes for:  Gross domestic product, current prices (National currency).",37.16,37.745,37.739,39.873,42.432,45.457,48.584,51.829,2015
Seychelles,"Gross domestic product, current prices",U.S. dollars,Billions,"See notes for:  Gross domestic product, current prices (National currency).",1.359,1.405,1.475,1.564,1.646,1.742,1.834,1.923,2014
Sierra Leone,"Gross domestic product, current prices",U.S. dollars,Billions,"See notes for:  Gross domestic product, current prices (National currency).",4.543,3.981,4.088,4.472,4.87,5.387,5.934,6.802,2015
Singapore,"Gross domestic product, current prices",U.S. dollars,Billions,"See notes for:  Gross domestic product, current prices (National currency).",296.835,296.967,291.86,300.957,310.331,319.992,330.256,340.848,2016
Slovak Republic,"Gross domestic product, current prices",U.S. dollars,Billions,"See notes for:  Gross domestic product, current prices (National currency).",87.312,89.525,89.134,93.547,98.953,104.339,109.615,114.934,2015
Slovenia,"Gross domestic product, current prices",U.S. dollars,Billions,"See notes for:  Gross domestic product, current prices (National currency).",42.798,44.009,43.503,45.164,47.062,48.909,50.65,52.317,2015
Solomon Islands,"Gross domestic product, current prices",U.S. dollars,Billions,"See notes for:  Gross domestic product, current prices (National currency).",1.13,1.184,1.245,1.308,1.382,1.468,1.56,1.662,2014
South Africa,"Gross domestic product, current prices",U.S. dollars,Billions,"See notes for:  Gross domestic product, current prices (National currency).",314.732,294.132,317.568,326.967,339.846,353.409,366.86,380.425,2016
South Sudan,"Gross domestic product, current prices",U.S. dollars,Billions,"See notes for:  Gross domestic product, current prices (National currency).",12.485,2.914,4.812,4.722,5.073,5.452,5.639,5.991,2014
Spain,"Gross domestic product, current prices",U.S. dollars,Billions,"See notes for:  Gross domestic product, current prices (National currency).","1,193.56","1,232.60","1,232.44","1,272.62","1,320.08","1,368.15","1,411.76","1,451.81",2016
Sri Lanka,"Gross domestic product, current prices",U.S. dollars,Billions,"See notes for:  Gross domestic product, current prices (National currency).",81.247,82.615,84.023,86.607,93.383,100.942,109.082,117.735,2015
St. Kitts and Nevis,"Gross domestic product, current prices",U.S. dollars,Billions,"See notes for:  Gross domestic product, current prices (National currency).",0.876,0.903,0.951,1.003,1.054,1.106,1.161,1.218,2014
St. Lucia,"Gross domestic product, current prices",U.S. dollars,Billions,"See notes for:  Gross domestic product, current prices (National currency).",1.431,1.385,1.428,1.459,1.504,1.549,1.595,1.644,2016
St. Vincent and the Grenadines,"Gross domestic product, current prices",U.S. dollars,Billions,"See notes for:  Gross domestic product, current prices (National currency).",0.738,0.775,0.809,0.844,0.881,0.921,0.962,1.004,2016
Sudan,"Gross domestic product, current prices",U.S. dollars,Billions,"See notes for:  Gross domestic product, current prices (National currency).",81.444,94.421,115.874,138.09,162.649,190.282,221.263,255.386,2010
Suriname,"Gross domestic product, current prices",U.S. dollars,Billions,"See notes for:  Gross domestic product, current prices (National currency).",4.879,3.57,3.641,4.007,4.188,4.259,4.4,4.542,2015
Swaziland,"Gross domestic product, current prices",U.S. dollars,Billions,"See notes for:  Gross domestic product, current prices (National currency).",3.929,3.77,3.938,4.016,4.09,4.165,4.231,4.298,2015
Sweden,"Gross domestic product, current prices",U.S. dollars,Billions,"See notes for:  Gross domestic product, current prices (National currency).",495.694,511.397,507.046,530.997,554.94,578.415,603.349,629.383,2015
Switzerland,"Gross domestic product, current prices",U.S. dollars,Billions,"See notes for:  Gross domestic product, current prices (National currency).",670.656,659.85,659.368,672.766,688.506,705.344,721.355,737.014,2016
Syria,"Gross domestic product, current prices",U.S. dollars,Billions,"See notes for:  Gross domestic product, current prices (National currency).",n/a,n/a,n/a,n/a,n/a,n/a,n/a,n/a,2010
Taiwan Province of China,"Gross domestic product, current prices",U.S. dollars,Billions,"See notes for:  Gross domestic product, current prices (National currency).",525.236,528.55,566.757,580.392,594.998,614.897,636.116,655.412,2015
Tajikistan,"Gross domestic product, current prices",U.S. dollars,Billions,"See notes for:  Gross domestic product, current prices (National currency).",7.857,6.922,7.242,7.64,8.22,8.908,9.652,10.524,2014
Tanzania,"Gross domestic product, current prices",U.S. dollars,Billions,"See notes for:  Gross domestic product, current prices (National currency).",45.634,47.184,51.194,55.666,60.605,65.837,71.488,77.625,2015
Thailand,"Gross domestic product, current prices",U.S. dollars,Billions,"See notes for:  Gross domestic product, current prices (National currency).",399.219,406.949,432.898,458.876,486.47,512.919,539.34,519.05,2016
Timor-Leste,"Gross domestic product, current prices",U.S. dollars,Billions,"See notes for:  Gross domestic product, current prices (National currency).",2.874,2.498,2.727,2.91,2.996,3.165,3.35,3.63,2014
Togo,"Gross domestic product, current prices",U.S. dollars,Billions,"See notes for:  Gross domestic product, current prices (National currency).",4.165,4.434,4.554,4.876,5.242,5.65,6.069,6.537,2014
Tonga,"Gross domestic product, current prices",U.S. dollars,Billions,"See notes for:  Gross domestic product, current prices (National currency).",0.414,0.403,0.422,0.445,0.468,0.489,0.509,0.53,2014
Trinidad and Tobago,"Gross domestic product, current prices",U.S. dollars,Billions,"See notes for:  Gross domestic product, current prices (National currency).",23.559,20.966,21.748,23.069,24.557,26.113,27.619,29.234,2016
Tunisia,"Gross domestic product, current prices",U.S. dollars,Billions,"See notes for:  Gross domestic product, current prices (National currency).",43.156,41.869,40.289,40.455,42.615,45.171,47.923,50.848,2014
Turkey,"Gross domestic product, current prices",U.S. dollars,Billions,"See notes for:  Gross domestic product, current prices (National currency).",859.04,857.429,793.698,827.981,876.633,930.556,982.31,"1,031.52",2016
Turkmenistan,"Gross domestic product, current prices",U.S. dollars,Billions,"See notes for:  Gross domestic product, current prices (National currency).",36.047,36.18,42.355,47.201,52.086,57.669,64.111,71.434,2015
Tuvalu,"Gross domestic product, current prices",U.S. dollars,Billions,"See notes for:  Gross domestic product, current prices (National currency).",0.033,0.034,0.036,0.037,0.039,0.04,0.042,0.043,2012
Uganda,"Gross domestic product, current prices",U.S. dollars,Billions,"See notes for:  Gross domestic product, current prices (National currency).",25.112,26.195,27.174,29.057,31.114,34.462,36.043,40.489,2014
Ukraine,"Gross domestic product, current prices",U.S. dollars,Billions,"See notes for:  Gross domestic product, current prices (National currency).",90.939,93.263,95.934,102.278,112.17,122.586,134.347,148.103,2016
United Arab Emirates,"Gross domestic product, current prices",U.S. dollars,Billions,"See notes for:  Gross domestic product, current prices (National currency).",370.296,371.353,407.21,435.7,458.561,484.744,512.223,541.051,2014
United Kingdom,"Gross domestic product, current prices",U.S. dollars,Billions,"See notes for:  Gross domestic product, current prices (National currency).","2,863.30","2,629.19","2,496.76","2,543.41","2,607.85","2,689.84","2,780.86","2,873.37",2016
United States,"Gross domestic product, current prices",U.S. dollars,Billions,"See notes for:  Gross domestic product, current prices (National currency).","18,036.65","18,569.10","19,417.14","20,351.77","21,239.30","22,063.04","22,886.24","23,760.33",2016
Uruguay,"Gross domestic product, current prices",U.S. dollars,Billions,"See notes for:  Gross domestic product, current prices (National currency).",53.107,54.567,58.123,60.843,64.293,67.801,71.537,75.391,2016
Uzbekistan,"Gross domestic product, current prices",U.S. dollars,Billions,"See notes for:  Gross domestic product, current prices (National currency).",65.403,66.502,68.324,71.824,75.553,79.742,83.804,87.924,2014
Vanuatu,"Gross domestic product, current prices",U.S. dollars,Billions,"See notes for:  Gross domestic product, current prices (National currency).",0.738,0.773,0.829,0.886,0.944,1,1.06,1.123,2014
Venezuela,"Gross domestic product, current prices",U.S. dollars,Billions,"See notes for:  Gross domestic product, current prices (National currency).",260.089,287.274,251.589,272.984,184.343,179.189,175.091,152.702,2015
Vietnam,"Gross domestic product, current prices",U.S. dollars,Billions,"See notes for:  Gross domestic product, current prices (National currency).",191.288,201.326,215.829,232.559,250.439,269.94,291.285,314.193,2016
Yemen,"Gross domestic product, current prices",U.S. dollars,Billions,"See notes for:  Gross domestic product, current prices (National currency).",37.734,27.318,27.189,30.648,32.465,34.97,37.452,39.842,2008
Zambia,"Gross domestic product, current prices",U.S. dollars,Billions,"See notes for:  Gross domestic product, current prices (National currency).",21.243,21.31,23.137,24.63,26.272,28.14,30.194,32.412,2015
Zimbabwe,"Gross domestic product, current prices",U.S. dollars,Billions,"See notes for:  Gross domestic product, current prices (National currency).",14.171,14.174,15.285,16.092,17.209,18.12,19.057,19.945,2013
